"","SpawnBio_om","Recruit_0_om","F_om","SpawnBio_em","Recruit_0_em","F_em","scenario","replicate","B","D","E","F","M","R","species","year","ID"
"1",89074.5,42959.8,0,85512.6,32898.9,0,"B1-D2-E0-F0-M0-R0-fla",1,"B1","D2","E0","F0","M0","R0","fla",1913,"B1-D2-E0-F0-M0-R0-fla-1"
"2",89074.5,52550.7,0,85512.6,32587.9,0,"B1-D2-E0-F0-M0-R0-fla",1,"B1","D2","E0","F0","M0","R0","fla",1914,"B1-D2-E0-F0-M0-R0-fla-1"
"3",89626.1,21736.3,0,85497.5,32272.4,0,"B1-D2-E0-F0-M0-R0-fla",1,"B1","D2","E0","F0","M0","R0","fla",1915,"B1-D2-E0-F0-M0-R0-fla-1"
"4",91662.4,2235.04,0,85437,31949.8,0,"B1-D2-E0-F0-M0-R0-fla",1,"B1","D2","E0","F0","M0","R0","fla",1916,"B1-D2-E0-F0-M0-R0-fla-1"
"5",92617,36352.2,0,85307,31615.7,0,"B1-D2-E0-F0-M0-R0-fla",1,"B1","D2","E0","F0","M0","R0","fla",1917,"B1-D2-E0-F0-M0-R0-fla-1"
"6",89459.1,6686.31,0,85095.7,31264.4,0,"B1-D2-E0-F0-M0-R0-fla",1,"B1","D2","E0","F0","M0","R0","fla",1918,"B1-D2-E0-F0-M0-R0-fla-1"
"7",85367.7,11501.2,0,84799.9,30888.1,0,"B1-D2-E0-F0-M0-R0-fla",1,"B1","D2","E0","F0","M0","R0","fla",1919,"B1-D2-E0-F0-M0-R0-fla-1"
"8",80611.2,23752.9,0,84420.9,30477.2,0,"B1-D2-E0-F0-M0-R0-fla",1,"B1","D2","E0","F0","M0","R0","fla",1920,"B1-D2-E0-F0-M0-R0-fla-1"
"9",74617.6,36123.5,0,83961.6,30023.7,0,"B1-D2-E0-F0-M0-R0-fla",1,"B1","D2","E0","F0","M0","R0","fla",1921,"B1-D2-E0-F0-M0-R0-fla-1"
"10",69358.9,49905.6,0,83423.6,31424.3,0,"B1-D2-E0-F0-M0-R0-fla",1,"B1","D2","E0","F0","M0","R0","fla",1922,"B1-D2-E0-F0-M0-R0-fla-1"
"11",66660.8,14516.8,0,82806.7,29019.3,0,"B1-D2-E0-F0-M0-R0-fla",1,"B1","D2","E0","F0","M0","R0","fla",1923,"B1-D2-E0-F0-M0-R0-fla-1"
"12",67604.4,6602.57,0,82280.5,67310.1,0,"B1-D2-E0-F0-M0-R0-fla",1,"B1","D2","E0","F0","M0","R0","fla",1924,"B1-D2-E0-F0-M0-R0-fla-1"
"13",68709.5,18724.5,0,81696.1,28069,0,"B1-D2-E0-F0-M0-R0-fla",1,"B1","D2","E0","F0","M0","R0","fla",1925,"B1-D2-E0-F0-M0-R0-fla-1"
"14",67051.7,18307.1,0,84451.8,28416.9,0,"B1-D2-E0-F0-M0-R0-fla",1,"B1","D2","E0","F0","M0","R0","fla",1926,"B1-D2-E0-F0-M0-R0-fla-1"
"15",64034.8,3890.19,0,87534.3,27173.8,0,"B1-D2-E0-F0-M0-R0-fla",1,"B1","D2","E0","F0","M0","R0","fla",1927,"B1-D2-E0-F0-M0-R0-fla-1"
"16",61065.9,11231.5,0,88755.1,26628.2,0,"B1-D2-E0-F0-M0-R0-fla",1,"B1","D2","E0","F0","M0","R0","fla",1928,"B1-D2-E0-F0-M0-R0-fla-1"
"17",57256.8,12572.2,0,88428.4,26020.8,0,"B1-D2-E0-F0-M0-R0-fla",1,"B1","D2","E0","F0","M0","R0","fla",1929,"B1-D2-E0-F0-M0-R0-fla-1"
"18",52904.8,20892.9,0,87083.3,25683.9,0,"B1-D2-E0-F0-M0-R0-fla",1,"B1","D2","E0","F0","M0","R0","fla",1930,"B1-D2-E0-F0-M0-R0-fla-1"
"19",48968.1,25056.5,0,85146.7,25364.5,0,"B1-D2-E0-F0-M0-R0-fla",1,"B1","D2","E0","F0","M0","R0","fla",1931,"B1-D2-E0-F0-M0-R0-fla-1"
"20",46334.6,18258.5,0,82934.3,24151.1,0,"B1-D2-E0-F0-M0-R0-fla",1,"B1","D2","E0","F0","M0","R0","fla",1932,"B1-D2-E0-F0-M0-R0-fla-1"
"21",45491.5,51688.6,0,80659.9,63471,0,"B1-D2-E0-F0-M0-R0-fla",1,"B1","D2","E0","F0","M0","R0","fla",1933,"B1-D2-E0-F0-M0-R0-fla-1"
"22",45509.9,48271.1,0,78367.4,27739.9,0,"B1-D2-E0-F0-M0-R0-fla",1,"B1","D2","E0","F0","M0","R0","fla",1934,"B1-D2-E0-F0-M0-R0-fla-1"
"23",48287.4,46242.2,0,79692.9,26356.8,0,"B1-D2-E0-F0-M0-R0-fla",1,"B1","D2","E0","F0","M0","R0","fla",1935,"B1-D2-E0-F0-M0-R0-fla-1"
"24",54224.6,70095.2,0,81976.9,27367.7,0,"B1-D2-E0-F0-M0-R0-fla",1,"B1","D2","E0","F0","M0","R0","fla",1936,"B1-D2-E0-F0-M0-R0-fla-1"
"25",61483.1,45493.6,0,82858.9,24789.2,0,"B1-D2-E0-F0-M0-R0-fla",1,"B1","D2","E0","F0","M0","R0","fla",1937,"B1-D2-E0-F0-M0-R0-fla-1"
"26",70769.1,11991.5,0.114,82610.2,27132.1,0.105478,"B1-D2-E0-F0-M0-R0-fla",1,"B1","D2","E0","F0","M0","R0","fla",1938,"B1-D2-E0-F0-M0-R0-fla-1"
"27",73068.3,37210,0.114,74195.6,26555.6,0.118709,"B1-D2-E0-F0-M0-R0-fla",1,"B1","D2","E0","F0","M0","R0","fla",1939,"B1-D2-E0-F0-M0-R0-fla-1"
"28",70808.6,53213.3,0.114,66045.8,34119.3,0.125893,"B1-D2-E0-F0-M0-R0-fla",1,"B1","D2","E0","F0","M0","R0","fla",1940,"B1-D2-E0-F0-M0-R0-fla-1"
"29",66310.6,30442.8,0.114,59038.5,26998.8,0.131924,"B1-D2-E0-F0-M0-R0-fla",1,"B1","D2","E0","F0","M0","R0","fla",1941,"B1-D2-E0-F0-M0-R0-fla-1"
"30",63775.9,24299.6,0.114,53915.7,23255.1,0.139248,"B1-D2-E0-F0-M0-R0-fla",1,"B1","D2","E0","F0","M0","R0","fla",1942,"B1-D2-E0-F0-M0-R0-fla-1"
"31",61889.5,15275.1,0.114,49855.8,22681.7,0.14467,"B1-D2-E0-F0-M0-R0-fla",1,"B1","D2","E0","F0","M0","R0","fla",1943,"B1-D2-E0-F0-M0-R0-fla-1"
"32",58780,64866.5,0.114,46014.9,47124.5,0.146787,"B1-D2-E0-F0-M0-R0-fla",1,"B1","D2","E0","F0","M0","R0","fla",1944,"B1-D2-E0-F0-M0-R0-fla-1"
"33",54130.2,36746.5,0.114,42427.2,28530.8,0.145323,"B1-D2-E0-F0-M0-R0-fla",1,"B1","D2","E0","F0","M0","R0","fla",1945,"B1-D2-E0-F0-M0-R0-fla-1"
"34",52519.9,12347.3,0.114,41542,16595.5,0.14601,"B1-D2-E0-F0-M0-R0-fla",1,"B1","D2","E0","F0","M0","R0","fla",1946,"B1-D2-E0-F0-M0-R0-fla-1"
"35",53315.5,13097.5,0.114,41628.2,19504.8,0.147872,"B1-D2-E0-F0-M0-R0-fla",1,"B1","D2","E0","F0","M0","R0","fla",1947,"B1-D2-E0-F0-M0-R0-fla-1"
"36",51923.8,31766.3,0.114,40173.6,23805,0.147261,"B1-D2-E0-F0-M0-R0-fla",1,"B1","D2","E0","F0","M0","R0","fla",1948,"B1-D2-E0-F0-M0-R0-fla-1"
"37",47937.8,10604.8,0.114,37691.8,29743.3,0.144111,"B1-D2-E0-F0-M0-R0-fla",1,"B1","D2","E0","F0","M0","R0","fla",1949,"B1-D2-E0-F0-M0-R0-fla-1"
"38",44426.1,25565.5,0.114,35564.9,22791.3,0.140244,"B1-D2-E0-F0-M0-R0-fla",1,"B1","D2","E0","F0","M0","R0","fla",1950,"B1-D2-E0-F0-M0-R0-fla-1"
"39",41023.3,22527.7,0.114,34695.2,26143.1,0.130762,"B1-D2-E0-F0-M0-R0-fla",1,"B1","D2","E0","F0","M0","R0","fla",1951,"B1-D2-E0-F0-M0-R0-fla-1"
"40",38078.2,16519.6,0.114,34461.3,20886.2,0.123182,"B1-D2-E0-F0-M0-R0-fla",1,"B1","D2","E0","F0","M0","R0","fla",1952,"B1-D2-E0-F0-M0-R0-fla-1"
"41",36177.4,7732.06,0.114,34578,20291.7,0.117028,"B1-D2-E0-F0-M0-R0-fla",1,"B1","D2","E0","F0","M0","R0","fla",1953,"B1-D2-E0-F0-M0-R0-fla-1"
"42",34427.7,12008.3,0.114,34578.1,29870.1,0.110569,"B1-D2-E0-F0-M0-R0-fla",1,"B1","D2","E0","F0","M0","R0","fla",1954,"B1-D2-E0-F0-M0-R0-fla-1"
"43",31841.9,34247.6,0.114,34294,39931.6,0.10091,"B1-D2-E0-F0-M0-R0-fla",1,"B1","D2","E0","F0","M0","R0","fla",1955,"B1-D2-E0-F0-M0-R0-fla-1"
"44",28862.6,29362.4,0.114,34863.9,27923.7,0.089739,"B1-D2-E0-F0-M0-R0-fla",1,"B1","D2","E0","F0","M0","R0","fla",1956,"B1-D2-E0-F0-M0-R0-fla-1"
"45",27948.2,27540.6,0.114,37404.9,32321.8,0.0839459,"B1-D2-E0-F0-M0-R0-fla",1,"B1","D2","E0","F0","M0","R0","fla",1957,"B1-D2-E0-F0-M0-R0-fla-1"
"46",29142.2,12292.9,0.114,40267.9,16438.7,0.0830394,"B1-D2-E0-F0-M0-R0-fla",1,"B1","D2","E0","F0","M0","R0","fla",1958,"B1-D2-E0-F0-M0-R0-fla-1"
"47",30947.5,70082.3,0.114,42769.5,35483.7,0.0831221,"B1-D2-E0-F0-M0-R0-fla",1,"B1","D2","E0","F0","M0","R0","fla",1959,"B1-D2-E0-F0-M0-R0-fla-1"
"48",31480.6,25409.6,0.114,43573.9,19288.3,0.0855181,"B1-D2-E0-F0-M0-R0-fla",1,"B1","D2","E0","F0","M0","R0","fla",1960,"B1-D2-E0-F0-M0-R0-fla-1"
"49",34912.7,34321.2,0.114,44206.6,22985.4,0.0970626,"B1-D2-E0-F0-M0-R0-fla",1,"B1","D2","E0","F0","M0","R0","fla",1961,"B1-D2-E0-F0-M0-R0-fla-1"
"50",39286.8,18625.8,0.114,43815.5,22152.6,0.108578,"B1-D2-E0-F0-M0-R0-fla",1,"B1","D2","E0","F0","M0","R0","fla",1962,"B1-D2-E0-F0-M0-R0-fla-1"
"51",42057.9,82855.7,0.114,42343.2,31206.8,0.118216,"B1-D2-E0-F0-M0-R0-fla",1,"B1","D2","E0","F0","M0","R0","fla",1963,"B1-D2-E0-F0-M0-R0-fla-1"
"52",42710.9,29184.7,0.114,40409.8,19108.2,0.127259,"B1-D2-E0-F0-M0-R0-fla",1,"B1","D2","E0","F0","M0","R0","fla",1964,"B1-D2-E0-F0-M0-R0-fla-1"
"53",46423.9,11213.7,0.114,39130.3,20024.1,0.14678,"B1-D2-E0-F0-M0-R0-fla",1,"B1","D2","E0","F0","M0","R0","fla",1965,"B1-D2-E0-F0-M0-R0-fla-1"
"54",50841.8,8778.21,0.114,37271.6,32560.9,0.163813,"B1-D2-E0-F0-M0-R0-fla",1,"B1","D2","E0","F0","M0","R0","fla",1966,"B1-D2-E0-F0-M0-R0-fla-1"
"55",50934.9,31983.2,0.114,34661.2,19302,0.167551,"B1-D2-E0-F0-M0-R0-fla",1,"B1","D2","E0","F0","M0","R0","fla",1967,"B1-D2-E0-F0-M0-R0-fla-1"
"56",47210.7,21716.3,0.114,33262.7,23743.5,0.157764,"B1-D2-E0-F0-M0-R0-fla",1,"B1","D2","E0","F0","M0","R0","fla",1968,"B1-D2-E0-F0-M0-R0-fla-1"
"57",43583.8,15755.7,0.114,32408,12712.4,0.151271,"B1-D2-E0-F0-M0-R0-fla",1,"B1","D2","E0","F0","M0","R0","fla",1969,"B1-D2-E0-F0-M0-R0-fla-1"
"58",41039.9,8304.1,0.114,31678.7,12561.1,0.146581,"B1-D2-E0-F0-M0-R0-fla",1,"B1","D2","E0","F0","M0","R0","fla",1970,"B1-D2-E0-F0-M0-R0-fla-1"
"59",38408.9,67281.5,0.114,30299.3,84892.6,0.143776,"B1-D2-E0-F0-M0-R0-fla",1,"B1","D2","E0","F0","M0","R0","fla",1971,"B1-D2-E0-F0-M0-R0-fla-1"
"60",34985.1,11514.4,0.114,28197.9,13170.7,0.135011,"B1-D2-E0-F0-M0-R0-fla",1,"B1","D2","E0","F0","M0","R0","fla",1972,"B1-D2-E0-F0-M0-R0-fla-1"
"61",35662.7,89252,0.114,32480,23280.1,0.120499,"B1-D2-E0-F0-M0-R0-fla",1,"B1","D2","E0","F0","M0","R0","fla",1973,"B1-D2-E0-F0-M0-R0-fla-1"
"62",37415.4,25873.7,0.114,37187.1,19588.1,0.117985,"B1-D2-E0-F0-M0-R0-fla",1,"B1","D2","E0","F0","M0","R0","fla",1974,"B1-D2-E0-F0-M0-R0-fla-1"
"63",42635.1,7612.87,0.114,38946.6,11155,0.135732,"B1-D2-E0-F0-M0-R0-fla",1,"B1","D2","E0","F0","M0","R0","fla",1975,"B1-D2-E0-F0-M0-R0-fla-1"
"64",48286.8,46582.4,0.114,38210.8,46998.7,0.152594,"B1-D2-E0-F0-M0-R0-fla",1,"B1","D2","E0","F0","M0","R0","fla",1976,"B1-D2-E0-F0-M0-R0-fla-1"
"65",48790.4,29054.5,0.114,35262.4,27408.5,0.160858,"B1-D2-E0-F0-M0-R0-fla",1,"B1","D2","E0","F0","M0","R0","fla",1977,"B1-D2-E0-F0-M0-R0-fla-1"
"66",48192.2,47095.5,0.114,34400.1,35960.5,0.159625,"B1-D2-E0-F0-M0-R0-fla",1,"B1","D2","E0","F0","M0","R0","fla",1978,"B1-D2-E0-F0-M0-R0-fla-1"
"67",48005,58727.4,0.114,34939.3,28052.6,0.156257,"B1-D2-E0-F0-M0-R0-fla",1,"B1","D2","E0","F0","M0","R0","fla",1979,"B1-D2-E0-F0-M0-R0-fla-1"
"68",48734.5,15411.2,0.114,36042.7,13869.8,0.15737,"B1-D2-E0-F0-M0-R0-fla",1,"B1","D2","E0","F0","M0","R0","fla",1980,"B1-D2-E0-F0-M0-R0-fla-1"
"69",51736.1,23085.2,0.114,36813.2,30246.2,0.166562,"B1-D2-E0-F0-M0-R0-fla",1,"B1","D2","E0","F0","M0","R0","fla",1981,"B1-D2-E0-F0-M0-R0-fla-1"
"70",52955.1,11096.8,0.114,35443,11092.1,0.17346,"B1-D2-E0-F0-M0-R0-fla",1,"B1","D2","E0","F0","M0","R0","fla",1982,"B1-D2-E0-F0-M0-R0-fla-1"
"71",51209.2,27347.7,0.114,33838.5,22615.9,0.172807,"B1-D2-E0-F0-M0-R0-fla",1,"B1","D2","E0","F0","M0","R0","fla",1983,"B1-D2-E0-F0-M0-R0-fla-1"
"72",47401.1,21720.3,0.114,31577.6,27726.6,0.170767,"B1-D2-E0-F0-M0-R0-fla",1,"B1","D2","E0","F0","M0","R0","fla",1984,"B1-D2-E0-F0-M0-R0-fla-1"
"73",43626.8,40146.5,0.114,29445.3,44657.2,0.167076,"B1-D2-E0-F0-M0-R0-fla",1,"B1","D2","E0","F0","M0","R0","fla",1985,"B1-D2-E0-F0-M0-R0-fla-1"
"74",40769.2,39964.5,0.114,28655.8,33088.9,0.156818,"B1-D2-E0-F0-M0-R0-fla",1,"B1","D2","E0","F0","M0","R0","fla",1986,"B1-D2-E0-F0-M0-R0-fla-1"
"75",39905.2,34498.2,0.114,30598.4,44640,0.1445,"B1-D2-E0-F0-M0-R0-fla",1,"B1","D2","E0","F0","M0","R0","fla",1987,"B1-D2-E0-F0-M0-R0-fla-1"
"76",41162.8,90954,0.114,33669.2,73890.2,0.13633,"B1-D2-E0-F0-M0-R0-fla",1,"B1","D2","E0","F0","M0","R0","fla",1988,"B1-D2-E0-F0-M0-R0-fla-1"
"77",42989.5,17755.8,0.114,37479.2,19738.5,0.12858,"B1-D2-E0-F0-M0-R0-fla",1,"B1","D2","E0","F0","M0","R0","fla",1989,"B1-D2-E0-F0-M0-R0-fla-1"
"78",48970,10299.1,0.114,44478.7,10885.9,0.126661,"B1-D2-E0-F0-M0-R0-fla",1,"B1","D2","E0","F0","M0","R0","fla",1990,"B1-D2-E0-F0-M0-R0-fla-1"
"79",53955,9271.21,0.114,49065.1,12469.8,0.126135,"B1-D2-E0-F0-M0-R0-fla",1,"B1","D2","E0","F0","M0","R0","fla",1991,"B1-D2-E0-F0-M0-R0-fla-1"
"80",53269.3,39415.5,0.114,48438.6,43515.3,0.125495,"B1-D2-E0-F0-M0-R0-fla",1,"B1","D2","E0","F0","M0","R0","fla",1992,"B1-D2-E0-F0-M0-R0-fla-1"
"81",48795.7,7628.49,0.114,44711.9,9942.09,0.123212,"B1-D2-E0-F0-M0-R0-fla",1,"B1","D2","E0","F0","M0","R0","fla",1993,"B1-D2-E0-F0-M0-R0-fla-1"
"82",45243.5,59393.9,0.114,42794.1,52285.6,0.11946,"B1-D2-E0-F0-M0-R0-fla",1,"B1","D2","E0","F0","M0","R0","fla",1994,"B1-D2-E0-F0-M0-R0-fla-1"
"83",41923.8,33657.8,0.114,40820.8,34612.7,0.116188,"B1-D2-E0-F0-M0-R0-fla",1,"B1","D2","E0","F0","M0","R0","fla",1995,"B1-D2-E0-F0-M0-R0-fla-1"
"84",41461.2,14691.9,0.114,41213.8,11548.5,0.115478,"B1-D2-E0-F0-M0-R0-fla",1,"B1","D2","E0","F0","M0","R0","fla",1996,"B1-D2-E0-F0-M0-R0-fla-1"
"85",43326.3,8208.95,0.114,43196.9,7839.57,0.11548,"B1-D2-E0-F0-M0-R0-fla",1,"B1","D2","E0","F0","M0","R0","fla",1997,"B1-D2-E0-F0-M0-R0-fla-1"
"86",43424,18924.1,0.114,42986.9,18187.7,0.116238,"B1-D2-E0-F0-M0-R0-fla",1,"B1","D2","E0","F0","M0","R0","fla",1998,"B1-D2-E0-F0-M0-R0-fla-1"
"87",40755.5,18316.8,0.114,39985,14378.7,0.116857,"B1-D2-E0-F0-M0-R0-fla",1,"B1","D2","E0","F0","M0","R0","fla",1999,"B1-D2-E0-F0-M0-R0-fla-1"
"88",37312.3,12330.9,0.114,36494.7,11633.3,0.117532,"B1-D2-E0-F0-M0-R0-fla",1,"B1","D2","E0","F0","M0","R0","fla",2000,"B1-D2-E0-F0-M0-R0-fla-1"
"89",34441.2,29324.4,0.114,33352.3,25222.3,0.119133,"B1-D2-E0-F0-M0-R0-fla",1,"B1","D2","E0","F0","M0","R0","fla",2001,"B1-D2-E0-F0-M0-R0-fla-1"
"90",31753.1,71624.3,0.114,30318,74251.1,0.12071,"B1-D2-E0-F0-M0-R0-fla",1,"B1","D2","E0","F0","M0","R0","fla",2002,"B1-D2-E0-F0-M0-R0-fla-1"
"91",30409.9,23614.6,0.114,28677.5,21719.2,0.120975,"B1-D2-E0-F0-M0-R0-fla",1,"B1","D2","E0","F0","M0","R0","fla",2003,"B1-D2-E0-F0-M0-R0-fla-1"
"92",34170.3,15833,0.114,32958,19721.2,0.11913,"B1-D2-E0-F0-M0-R0-fla",1,"B1","D2","E0","F0","M0","R0","fla",2004,"B1-D2-E0-F0-M0-R0-fla-1"
"93",38928.4,23430.1,0.114,37783.5,22289,0.117893,"B1-D2-E0-F0-M0-R0-fla",1,"B1","D2","E0","F0","M0","R0","fla",2005,"B1-D2-E0-F0-M0-R0-fla-1"
"94",40400,10311.1,0.114,39618.9,10199.9,0.116093,"B1-D2-E0-F0-M0-R0-fla",1,"B1","D2","E0","F0","M0","R0","fla",2006,"B1-D2-E0-F0-M0-R0-fla-1"
"95",39833.5,24022.8,0.114,39590.4,19697.6,0.114884,"B1-D2-E0-F0-M0-R0-fla",1,"B1","D2","E0","F0","M0","R0","fla",2007,"B1-D2-E0-F0-M0-R0-fla-1"
"96",37712.9,23970.1,0.114,37726.3,21874.6,0.114384,"B1-D2-E0-F0-M0-R0-fla",1,"B1","D2","E0","F0","M0","R0","fla",2008,"B1-D2-E0-F0-M0-R0-fla-1"
"97",35439.7,28171.8,0.114,35390.8,28125.9,0.115344,"B1-D2-E0-F0-M0-R0-fla",1,"B1","D2","E0","F0","M0","R0","fla",2009,"B1-D2-E0-F0-M0-R0-fla-1"
"98",34101.1,32920.1,0.114,33693.2,30429.4,0.116544,"B1-D2-E0-F0-M0-R0-fla",1,"B1","D2","E0","F0","M0","R0","fla",2010,"B1-D2-E0-F0-M0-R0-fla-1"
"99",33804.6,78672.8,0.114,33219.6,52283.5,0.117059,"B1-D2-E0-F0-M0-R0-fla",1,"B1","D2","E0","F0","M0","R0","fla",2011,"B1-D2-E0-F0-M0-R0-fla-1"
"100",34672.6,36585.4,0.114,33956.3,29491,0.119645,"B1-D2-E0-F0-M0-R0-fla",1,"B1","D2","E0","F0","M0","R0","fla",2012,"B1-D2-E0-F0-M0-R0-fla-1"
"101",89074.5,42959.8,0,90384.4,34588,0,"B2-D2-E0-F0-M0-R0-fla",1,"B2","D2","E0","F0","M0","R0","fla",1913,"B2-D2-E0-F0-M0-R0-fla-1"
"102",89074.5,52550.7,0,90384.4,33829.8,0,"B2-D2-E0-F0-M0-R0-fla",1,"B2","D2","E0","F0","M0","R0","fla",1914,"B2-D2-E0-F0-M0-R0-fla-1"
"103",89626.1,21736.3,0,90410.2,33504.8,0,"B2-D2-E0-F0-M0-R0-fla",1,"B2","D2","E0","F0","M0","R0","fla",1915,"B2-D2-E0-F0-M0-R0-fla-1"
"104",91662.4,2235.04,0,90395.5,33174.4,0,"B2-D2-E0-F0-M0-R0-fla",1,"B2","D2","E0","F0","M0","R0","fla",1916,"B2-D2-E0-F0-M0-R0-fla-1"
"105",92617,36352.2,0,90269.4,32833.8,0,"B2-D2-E0-F0-M0-R0-fla",1,"B2","D2","E0","F0","M0","R0","fla",1917,"B2-D2-E0-F0-M0-R0-fla-1"
"106",89459.1,6686.31,0,90031.2,32479,0,"B2-D2-E0-F0-M0-R0-fla",1,"B2","D2","E0","F0","M0","R0","fla",1918,"B2-D2-E0-F0-M0-R0-fla-1"
"107",85367.7,11501.2,0,89689.4,32104.4,0,"B2-D2-E0-F0-M0-R0-fla",1,"B2","D2","E0","F0","M0","R0","fla",1919,"B2-D2-E0-F0-M0-R0-fla-1"
"108",80611.2,23752.9,0,89254.2,31703.8,0,"B2-D2-E0-F0-M0-R0-fla",1,"B2","D2","E0","F0","M0","R0","fla",1920,"B2-D2-E0-F0-M0-R0-fla-1"
"109",74617.6,36123.5,0,88734.6,31295.9,0,"B2-D2-E0-F0-M0-R0-fla",1,"B2","D2","E0","F0","M0","R0","fla",1921,"B2-D2-E0-F0-M0-R0-fla-1"
"110",69358.9,49905.6,0,88137.2,39134.1,0,"B2-D2-E0-F0-M0-R0-fla",1,"B2","D2","E0","F0","M0","R0","fla",1922,"B2-D2-E0-F0-M0-R0-fla-1"
"111",66660.8,14516.8,0,87467.6,30462,0,"B2-D2-E0-F0-M0-R0-fla",1,"B2","D2","E0","F0","M0","R0","fla",1923,"B2-D2-E0-F0-M0-R0-fla-1"
"112",67604.4,6602.57,0,87533.9,30056.1,0,"B2-D2-E0-F0-M0-R0-fla",1,"B2","D2","E0","F0","M0","R0","fla",1924,"B2-D2-E0-F0-M0-R0-fla-1"
"113",68709.5,18724.5,0,87769.7,33002.4,0,"B2-D2-E0-F0-M0-R0-fla",1,"B2","D2","E0","F0","M0","R0","fla",1925,"B2-D2-E0-F0-M0-R0-fla-1"
"114",67051.7,18307.1,0,87382.6,29196.7,0,"B2-D2-E0-F0-M0-R0-fla",1,"B2","D2","E0","F0","M0","R0","fla",1926,"B2-D2-E0-F0-M0-R0-fla-1"
"115",64034.8,3890.19,0,86899.3,28600.9,0,"B2-D2-E0-F0-M0-R0-fla",1,"B2","D2","E0","F0","M0","R0","fla",1927,"B2-D2-E0-F0-M0-R0-fla-1"
"116",61065.9,11231.5,0,86260,28227.8,0,"B2-D2-E0-F0-M0-R0-fla",1,"B2","D2","E0","F0","M0","R0","fla",1928,"B2-D2-E0-F0-M0-R0-fla-1"
"117",57256.8,12572.2,0,85237.2,27401.9,0,"B2-D2-E0-F0-M0-R0-fla",1,"B2","D2","E0","F0","M0","R0","fla",1929,"B2-D2-E0-F0-M0-R0-fla-1"
"118",52904.8,20892.9,0,83982.9,28312.1,0,"B2-D2-E0-F0-M0-R0-fla",1,"B2","D2","E0","F0","M0","R0","fla",1930,"B2-D2-E0-F0-M0-R0-fla-1"
"119",48968.1,25056.5,0,82582.4,38801.6,0,"B2-D2-E0-F0-M0-R0-fla",1,"B2","D2","E0","F0","M0","R0","fla",1931,"B2-D2-E0-F0-M0-R0-fla-1"
"120",46334.6,18258.5,0,81225.8,25566.4,0,"B2-D2-E0-F0-M0-R0-fla",1,"B2","D2","E0","F0","M0","R0","fla",1932,"B2-D2-E0-F0-M0-R0-fla-1"
"121",45491.5,51688.6,0,81077,28333.6,0,"B2-D2-E0-F0-M0-R0-fla",1,"B2","D2","E0","F0","M0","R0","fla",1933,"B2-D2-E0-F0-M0-R0-fla-1"
"122",45509.9,48271.1,0,81139.2,24275.1,0,"B2-D2-E0-F0-M0-R0-fla",1,"B2","D2","E0","F0","M0","R0","fla",1934,"B2-D2-E0-F0-M0-R0-fla-1"
"123",48287.4,46242.2,0,80566.8,68744.5,0,"B2-D2-E0-F0-M0-R0-fla",1,"B2","D2","E0","F0","M0","R0","fla",1935,"B2-D2-E0-F0-M0-R0-fla-1"
"124",54224.6,70095.2,0,79453.1,28322.5,0,"B2-D2-E0-F0-M0-R0-fla",1,"B2","D2","E0","F0","M0","R0","fla",1936,"B2-D2-E0-F0-M0-R0-fla-1"
"125",61483.1,45493.6,0,82130.6,27139.9,0,"B2-D2-E0-F0-M0-R0-fla",1,"B2","D2","E0","F0","M0","R0","fla",1937,"B2-D2-E0-F0-M0-R0-fla-1"
"126",70769.1,11991.5,0.114,86249.5,27754.9,0.0967659,"B2-D2-E0-F0-M0-R0-fla",1,"B2","D2","E0","F0","M0","R0","fla",1938,"B2-D2-E0-F0-M0-R0-fla-1"
"127",73068.3,37210,0.114,80173.2,27195.4,0.106252,"B2-D2-E0-F0-M0-R0-fla",1,"B2","D2","E0","F0","M0","R0","fla",1939,"B2-D2-E0-F0-M0-R0-fla-1"
"128",70808.6,53213.3,0.114,72867.5,34604.6,0.110917,"B2-D2-E0-F0-M0-R0-fla",1,"B2","D2","E0","F0","M0","R0","fla",1940,"B2-D2-E0-F0-M0-R0-fla-1"
"129",66310.6,30442.8,0.114,65890.7,32391.8,0.115332,"B2-D2-E0-F0-M0-R0-fla",1,"B2","D2","E0","F0","M0","R0","fla",1941,"B2-D2-E0-F0-M0-R0-fla-1"
"130",63775.9,24299.6,0.114,60452.1,24384.5,0.120474,"B2-D2-E0-F0-M0-R0-fla",1,"B2","D2","E0","F0","M0","R0","fla",1942,"B2-D2-E0-F0-M0-R0-fla-1"
"131",61889.5,15275.1,0.114,56523.8,23941.5,0.123316,"B2-D2-E0-F0-M0-R0-fla",1,"B2","D2","E0","F0","M0","R0","fla",1943,"B2-D2-E0-F0-M0-R0-fla-1"
"132",58780,64866.5,0.114,52805.2,36913.3,0.124239,"B2-D2-E0-F0-M0-R0-fla",1,"B2","D2","E0","F0","M0","R0","fla",1944,"B2-D2-E0-F0-M0-R0-fla-1"
"133",54130.2,36746.5,0.114,48999.7,27435.1,0.123899,"B2-D2-E0-F0-M0-R0-fla",1,"B2","D2","E0","F0","M0","R0","fla",1945,"B2-D2-E0-F0-M0-R0-fla-1"
"134",52519.9,12347.3,0.114,46817.5,18443.6,0.127463,"B2-D2-E0-F0-M0-R0-fla",1,"B2","D2","E0","F0","M0","R0","fla",1946,"B2-D2-E0-F0-M0-R0-fla-1"
"135",53315.5,13097.5,0.114,45482.1,58451.9,0.132757,"B2-D2-E0-F0-M0-R0-fla",1,"B2","D2","E0","F0","M0","R0","fla",1947,"B2-D2-E0-F0-M0-R0-fla-1"
"136",51923.8,31766.3,0.114,43017.7,23507,0.131504,"B2-D2-E0-F0-M0-R0-fla",1,"B2","D2","E0","F0","M0","R0","fla",1948,"B2-D2-E0-F0-M0-R0-fla-1"
"137",47937.8,10604.8,0.114,43637.2,22651.7,0.112697,"B2-D2-E0-F0-M0-R0-fla",1,"B2","D2","E0","F0","M0","R0","fla",1949,"B2-D2-E0-F0-M0-R0-fla-1"
"138",44426.1,25565.5,0.114,45767,21766.6,0.103378,"B2-D2-E0-F0-M0-R0-fla",1,"B2","D2","E0","F0","M0","R0","fla",1950,"B2-D2-E0-F0-M0-R0-fla-1"
"139",41023.3,22527.7,0.114,45833,20974.7,0.0967881,"B2-D2-E0-F0-M0-R0-fla",1,"B2","D2","E0","F0","M0","R0","fla",1951,"B2-D2-E0-F0-M0-R0-fla-1"
"140",38078.2,16519.6,0.114,44790.6,26354.7,0.0939315,"B2-D2-E0-F0-M0-R0-fla",1,"B2","D2","E0","F0","M0","R0","fla",1952,"B2-D2-E0-F0-M0-R0-fla-1"
"141",36177.4,7732.06,0.114,43211.2,26547.1,0.0928838,"B2-D2-E0-F0-M0-R0-fla",1,"B2","D2","E0","F0","M0","R0","fla",1953,"B2-D2-E0-F0-M0-R0-fla-1"
"142",34427.7,12008.3,0.114,42013.8,17632.3,0.0887618,"B2-D2-E0-F0-M0-R0-fla",1,"B2","D2","E0","F0","M0","R0","fla",1954,"B2-D2-E0-F0-M0-R0-fla-1"
"143",31841.9,34247.6,0.114,41684.3,50902.4,0.0813151,"B2-D2-E0-F0-M0-R0-fla",1,"B2","D2","E0","F0","M0","R0","fla",1955,"B2-D2-E0-F0-M0-R0-fla-1"
"144",28862.6,29362.4,0.114,41172.9,21374.3,0.0755064,"B2-D2-E0-F0-M0-R0-fla",1,"B2","D2","E0","F0","M0","R0","fla",1956,"B2-D2-E0-F0-M0-R0-fla-1"
"145",27948.2,27540.6,0.114,43225.9,22820.8,0.0699991,"B2-D2-E0-F0-M0-R0-fla",1,"B2","D2","E0","F0","M0","R0","fla",1957,"B2-D2-E0-F0-M0-R0-fla-1"
"146",29142.2,12292.9,0.114,46036,40539,0.0718737,"B2-D2-E0-F0-M0-R0-fla",1,"B2","D2","E0","F0","M0","R0","fla",1958,"B2-D2-E0-F0-M0-R0-fla-1"
"147",30947.5,70082.3,0.114,46760.7,48477.3,0.0745035,"B2-D2-E0-F0-M0-R0-fla",1,"B2","D2","E0","F0","M0","R0","fla",1959,"B2-D2-E0-F0-M0-R0-fla-1"
"148",31480.6,25409.6,0.114,48043.1,14190.6,0.0733016,"B2-D2-E0-F0-M0-R0-fla",1,"B2","D2","E0","F0","M0","R0","fla",1960,"B2-D2-E0-F0-M0-R0-fla-1"
"149",34912.7,34321.2,0.114,51675.8,38377.6,0.0780439,"B2-D2-E0-F0-M0-R0-fla",1,"B2","D2","E0","F0","M0","R0","fla",1961,"B2-D2-E0-F0-M0-R0-fla-1"
"150",39286.8,18625.8,0.114,53174.3,15468.9,0.0862869,"B2-D2-E0-F0-M0-R0-fla",1,"B2","D2","E0","F0","M0","R0","fla",1962,"B2-D2-E0-F0-M0-R0-fla-1"
"151",42057.9,82855.7,0.114,52983.4,43193.1,0.0903753,"B2-D2-E0-F0-M0-R0-fla",1,"B2","D2","E0","F0","M0","R0","fla",1963,"B2-D2-E0-F0-M0-R0-fla-1"
"152",42710.9,29184.7,0.114,51524.4,23475,0.0973605,"B2-D2-E0-F0-M0-R0-fla",1,"B2","D2","E0","F0","M0","R0","fla",1964,"B2-D2-E0-F0-M0-R0-fla-1"
"153",46423.9,11213.7,0.114,50463,16221.3,0.108599,"B2-D2-E0-F0-M0-R0-fla",1,"B2","D2","E0","F0","M0","R0","fla",1965,"B2-D2-E0-F0-M0-R0-fla-1"
"154",50841.8,8778.21,0.114,49463.6,11762.8,0.119166,"B2-D2-E0-F0-M0-R0-fla",1,"B2","D2","E0","F0","M0","R0","fla",1966,"B2-D2-E0-F0-M0-R0-fla-1"
"155",50934.9,31983.2,0.114,46344.1,18145.2,0.125195,"B2-D2-E0-F0-M0-R0-fla",1,"B2","D2","E0","F0","M0","R0","fla",1967,"B2-D2-E0-F0-M0-R0-fla-1"
"156",47210.7,21716.3,0.114,41636.2,30858.6,0.1293,"B2-D2-E0-F0-M0-R0-fla",1,"B2","D2","E0","F0","M0","R0","fla",1968,"B2-D2-E0-F0-M0-R0-fla-1"
"157",43583.8,15755.7,0.114,37069.9,13325.9,0.133077,"B2-D2-E0-F0-M0-R0-fla",1,"B2","D2","E0","F0","M0","R0","fla",1969,"B2-D2-E0-F0-M0-R0-fla-1"
"158",41039.9,8304.1,0.114,34763.9,16939.6,0.129522,"B2-D2-E0-F0-M0-R0-fla",1,"B2","D2","E0","F0","M0","R0","fla",1970,"B2-D2-E0-F0-M0-R0-fla-1"
"159",38408.9,67281.5,0.114,33152,44623.9,0.127773,"B2-D2-E0-F0-M0-R0-fla",1,"B2","D2","E0","F0","M0","R0","fla",1971,"B2-D2-E0-F0-M0-R0-fla-1"
"160",34985.1,11514.4,0.114,31126.5,19760.4,0.124789,"B2-D2-E0-F0-M0-R0-fla",1,"B2","D2","E0","F0","M0","R0","fla",1972,"B2-D2-E0-F0-M0-R0-fla-1"
"161",35662.7,89252,0.114,32057.9,85304.1,0.12231,"B2-D2-E0-F0-M0-R0-fla",1,"B2","D2","E0","F0","M0","R0","fla",1973,"B2-D2-E0-F0-M0-R0-fla-1"
"162",37415.4,25873.7,0.114,33837,21721,0.122015,"B2-D2-E0-F0-M0-R0-fla",1,"B2","D2","E0","F0","M0","R0","fla",1974,"B2-D2-E0-F0-M0-R0-fla-1"
"163",42635.1,7612.87,0.114,40240.7,14414.4,0.112929,"B2-D2-E0-F0-M0-R0-fla",1,"B2","D2","E0","F0","M0","R0","fla",1975,"B2-D2-E0-F0-M0-R0-fla-1"
"164",48286.8,46582.4,0.114,46861,51180.8,0.113965,"B2-D2-E0-F0-M0-R0-fla",1,"B2","D2","E0","F0","M0","R0","fla",1976,"B2-D2-E0-F0-M0-R0-fla-1"
"165",48790.4,29054.5,0.114,47446.1,35922.2,0.114299,"B2-D2-E0-F0-M0-R0-fla",1,"B2","D2","E0","F0","M0","R0","fla",1977,"B2-D2-E0-F0-M0-R0-fla-1"
"166",48192.2,47095.5,0.114,48064.4,26388.5,0.108593,"B2-D2-E0-F0-M0-R0-fla",1,"B2","D2","E0","F0","M0","R0","fla",1978,"B2-D2-E0-F0-M0-R0-fla-1"
"167",48005,58727.4,0.114,50135.3,39937.6,0.105614,"B2-D2-E0-F0-M0-R0-fla",1,"B2","D2","E0","F0","M0","R0","fla",1979,"B2-D2-E0-F0-M0-R0-fla-1"
"168",48734.5,15411.2,0.114,50745.9,15036.5,0.110007,"B2-D2-E0-F0-M0-R0-fla",1,"B2","D2","E0","F0","M0","R0","fla",1980,"B2-D2-E0-F0-M0-R0-fla-1"
"169",51736.1,23085.2,0.114,50922.3,15386.4,0.116134,"B2-D2-E0-F0-M0-R0-fla",1,"B2","D2","E0","F0","M0","R0","fla",1981,"B2-D2-E0-F0-M0-R0-fla-1"
"170",52955.1,11096.8,0.114,49300,24964.2,0.123372,"B2-D2-E0-F0-M0-R0-fla",1,"B2","D2","E0","F0","M0","R0","fla",1982,"B2-D2-E0-F0-M0-R0-fla-1"
"171",51209.2,27347.7,0.114,45167.4,23449,0.128904,"B2-D2-E0-F0-M0-R0-fla",1,"B2","D2","E0","F0","M0","R0","fla",1983,"B2-D2-E0-F0-M0-R0-fla-1"
"172",47401.1,21720.3,0.114,41269.3,29726.7,0.127087,"B2-D2-E0-F0-M0-R0-fla",1,"B2","D2","E0","F0","M0","R0","fla",1984,"B2-D2-E0-F0-M0-R0-fla-1"
"173",43626.8,40146.5,0.114,38703.3,43207.3,0.123736,"B2-D2-E0-F0-M0-R0-fla",1,"B2","D2","E0","F0","M0","R0","fla",1985,"B2-D2-E0-F0-M0-R0-fla-1"
"174",40769.2,39964.5,0.114,37625.6,52396.4,0.117104,"B2-D2-E0-F0-M0-R0-fla",1,"B2","D2","E0","F0","M0","R0","fla",1986,"B2-D2-E0-F0-M0-R0-fla-1"
"175",39905.2,34498.2,0.114,39214.2,28763.1,0.108438,"B2-D2-E0-F0-M0-R0-fla",1,"B2","D2","E0","F0","M0","R0","fla",1987,"B2-D2-E0-F0-M0-R0-fla-1"
"176",41162.8,90954,0.114,43856.9,92533.3,0.100315,"B2-D2-E0-F0-M0-R0-fla",1,"B2","D2","E0","F0","M0","R0","fla",1988,"B2-D2-E0-F0-M0-R0-fla-1"
"177",42989.5,17755.8,0.114,47966.1,14858,0.0993868,"B2-D2-E0-F0-M0-R0-fla",1,"B2","D2","E0","F0","M0","R0","fla",1989,"B2-D2-E0-F0-M0-R0-fla-1"
"178",48970,10299.1,0.114,55633.4,12332.4,0.0957621,"B2-D2-E0-F0-M0-R0-fla",1,"B2","D2","E0","F0","M0","R0","fla",1990,"B2-D2-E0-F0-M0-R0-fla-1"
"179",53955,9271.21,0.114,61443.7,8590.1,0.0984802,"B2-D2-E0-F0-M0-R0-fla",1,"B2","D2","E0","F0","M0","R0","fla",1991,"B2-D2-E0-F0-M0-R0-fla-1"
"180",53269.3,39415.5,0.114,59733.1,40079.1,0.100598,"B2-D2-E0-F0-M0-R0-fla",1,"B2","D2","E0","F0","M0","R0","fla",1992,"B2-D2-E0-F0-M0-R0-fla-1"
"181",48795.7,7628.49,0.114,53972.6,10287.7,0.102477,"B2-D2-E0-F0-M0-R0-fla",1,"B2","D2","E0","F0","M0","R0","fla",1993,"B2-D2-E0-F0-M0-R0-fla-1"
"182",45243.5,59393.9,0.114,49786.9,55289.9,0.100789,"B2-D2-E0-F0-M0-R0-fla",1,"B2","D2","E0","F0","M0","R0","fla",1994,"B2-D2-E0-F0-M0-R0-fla-1"
"183",41923.8,33657.8,0.114,46429.6,30717.5,0.101694,"B2-D2-E0-F0-M0-R0-fla",1,"B2","D2","E0","F0","M0","R0","fla",1995,"B2-D2-E0-F0-M0-R0-fla-1"
"184",41461.2,14691.9,0.114,45962.8,13824.3,0.0998931,"B2-D2-E0-F0-M0-R0-fla",1,"B2","D2","E0","F0","M0","R0","fla",1996,"B2-D2-E0-F0-M0-R0-fla-1"
"185",43326.3,8208.95,0.114,47817.9,11797.9,0.101309,"B2-D2-E0-F0-M0-R0-fla",1,"B2","D2","E0","F0","M0","R0","fla",1997,"B2-D2-E0-F0-M0-R0-fla-1"
"186",43424,18924.1,0.114,47104.5,17234.1,0.103792,"B2-D2-E0-F0-M0-R0-fla",1,"B2","D2","E0","F0","M0","R0","fla",1998,"B2-D2-E0-F0-M0-R0-fla-1"
"187",40755.5,18316.8,0.114,43688.5,16905.4,0.104997,"B2-D2-E0-F0-M0-R0-fla",1,"B2","D2","E0","F0","M0","R0","fla",1999,"B2-D2-E0-F0-M0-R0-fla-1"
"188",37312.3,12330.9,0.114,39772.4,9720.99,0.105429,"B2-D2-E0-F0-M0-R0-fla",1,"B2","D2","E0","F0","M0","R0","fla",2000,"B2-D2-E0-F0-M0-R0-fla-1"
"189",34441.2,29324.4,0.114,36473.8,27454.6,0.10621,"B2-D2-E0-F0-M0-R0-fla",1,"B2","D2","E0","F0","M0","R0","fla",2001,"B2-D2-E0-F0-M0-R0-fla-1"
"190",31753.1,71624.3,0.114,33132.9,67923.2,0.108756,"B2-D2-E0-F0-M0-R0-fla",1,"B2","D2","E0","F0","M0","R0","fla",2002,"B2-D2-E0-F0-M0-R0-fla-1"
"191",30409.9,23614.6,0.114,31260.1,25312.2,0.109055,"B2-D2-E0-F0-M0-R0-fla",1,"B2","D2","E0","F0","M0","R0","fla",2003,"B2-D2-E0-F0-M0-R0-fla-1"
"192",34170.3,15833,0.114,35425.4,17557.2,0.104437,"B2-D2-E0-F0-M0-R0-fla",1,"B2","D2","E0","F0","M0","R0","fla",2004,"B2-D2-E0-F0-M0-R0-fla-1"
"193",38928.4,23430.1,0.114,40903.8,26112.9,0.105215,"B2-D2-E0-F0-M0-R0-fla",1,"B2","D2","E0","F0","M0","R0","fla",2005,"B2-D2-E0-F0-M0-R0-fla-1"
"194",40400,10311.1,0.114,42457,10848.4,0.106,"B2-D2-E0-F0-M0-R0-fla",1,"B2","D2","E0","F0","M0","R0","fla",2006,"B2-D2-E0-F0-M0-R0-fla-1"
"195",39833.5,24022.8,0.114,42134.9,21942.5,0.104654,"B2-D2-E0-F0-M0-R0-fla",1,"B2","D2","E0","F0","M0","R0","fla",2007,"B2-D2-E0-F0-M0-R0-fla-1"
"196",37712.9,23970.1,0.114,40239.2,19060.9,0.105045,"B2-D2-E0-F0-M0-R0-fla",1,"B2","D2","E0","F0","M0","R0","fla",2008,"B2-D2-E0-F0-M0-R0-fla-1"
"197",35439.7,28171.8,0.114,37805.6,28960.9,0.105196,"B2-D2-E0-F0-M0-R0-fla",1,"B2","D2","E0","F0","M0","R0","fla",2009,"B2-D2-E0-F0-M0-R0-fla-1"
"198",34101.1,32920.1,0.114,35929.7,33368.9,0.106942,"B2-D2-E0-F0-M0-R0-fla",1,"B2","D2","E0","F0","M0","R0","fla",2010,"B2-D2-E0-F0-M0-R0-fla-1"
"199",33804.6,78672.8,0.114,35247.8,60360.7,0.106662,"B2-D2-E0-F0-M0-R0-fla",1,"B2","D2","E0","F0","M0","R0","fla",2011,"B2-D2-E0-F0-M0-R0-fla-1"
"200",34672.6,36585.4,0.114,36353.5,30691,0.107031,"B2-D2-E0-F0-M0-R0-fla",1,"B2","D2","E0","F0","M0","R0","fla",2012,"B2-D2-E0-F0-M0-R0-fla-1"
"201",89074.5,42959.8,0,88109.5,37523,0,"B1-D3-E0-F0-M0-R0-fla",1,"B1","D3","E0","F0","M0","R0","fla",1913,"B1-D3-E0-F0-M0-R0-fla-1"
"202",89074.5,52550.7,0,88109.5,35559.9,0,"B1-D3-E0-F0-M0-R0-fla",1,"B1","D3","E0","F0","M0","R0","fla",1914,"B1-D3-E0-F0-M0-R0-fla-1"
"203",89626.1,21736.3,0,88192.6,35207.3,0,"B1-D3-E0-F0-M0-R0-fla",1,"B1","D3","E0","F0","M0","R0","fla",1915,"B1-D3-E0-F0-M0-R0-fla-1"
"204",91662.4,2235.04,0,88300.8,34854.2,0,"B1-D3-E0-F0-M0-R0-fla",1,"B1","D3","E0","F0","M0","R0","fla",1916,"B1-D3-E0-F0-M0-R0-fla-1"
"205",92617,36352.2,0,88303,36083.9,0,"B1-D3-E0-F0-M0-R0-fla",1,"B1","D3","E0","F0","M0","R0","fla",1917,"B1-D3-E0-F0-M0-R0-fla-1"
"206",89459.1,6686.31,0,88173.1,34129.8,0,"B1-D3-E0-F0-M0-R0-fla",1,"B1","D3","E0","F0","M0","R0","fla",1918,"B1-D3-E0-F0-M0-R0-fla-1"
"207",85367.7,11501.2,0,88008.8,33755.5,0,"B1-D3-E0-F0-M0-R0-fla",1,"B1","D3","E0","F0","M0","R0","fla",1919,"B1-D3-E0-F0-M0-R0-fla-1"
"208",80611.2,23752.9,0,87791.8,33371.7,0,"B1-D3-E0-F0-M0-R0-fla",1,"B1","D3","E0","F0","M0","R0","fla",1920,"B1-D3-E0-F0-M0-R0-fla-1"
"209",74617.6,36123.5,0,87435.8,32974,0,"B1-D3-E0-F0-M0-R0-fla",1,"B1","D3","E0","F0","M0","R0","fla",1921,"B1-D3-E0-F0-M0-R0-fla-1"
"210",69358.9,49905.6,0,86945.6,32559.5,0,"B1-D3-E0-F0-M0-R0-fla",1,"B1","D3","E0","F0","M0","R0","fla",1922,"B1-D3-E0-F0-M0-R0-fla-1"
"211",66660.8,14516.8,0,86347.9,32126.6,0,"B1-D3-E0-F0-M0-R0-fla",1,"B1","D3","E0","F0","M0","R0","fla",1923,"B1-D3-E0-F0-M0-R0-fla-1"
"212",67604.4,6602.57,0,85665.8,31672.1,0,"B1-D3-E0-F0-M0-R0-fla",1,"B1","D3","E0","F0","M0","R0","fla",1924,"B1-D3-E0-F0-M0-R0-fla-1"
"213",68709.5,18724.5,0,84916.1,31190.6,0,"B1-D3-E0-F0-M0-R0-fla",1,"B1","D3","E0","F0","M0","R0","fla",1925,"B1-D3-E0-F0-M0-R0-fla-1"
"214",67051.7,18307.1,0,84109.9,30677.2,0,"B1-D3-E0-F0-M0-R0-fla",1,"B1","D3","E0","F0","M0","R0","fla",1926,"B1-D3-E0-F0-M0-R0-fla-1"
"215",64034.8,3890.19,0,83253.6,30125.8,0,"B1-D3-E0-F0-M0-R0-fla",1,"B1","D3","E0","F0","M0","R0","fla",1927,"B1-D3-E0-F0-M0-R0-fla-1"
"216",61065.9,11231.5,0,82349.7,29581.5,0,"B1-D3-E0-F0-M0-R0-fla",1,"B1","D3","E0","F0","M0","R0","fla",1928,"B1-D3-E0-F0-M0-R0-fla-1"
"217",57256.8,12572.2,0,81397.7,28951.6,0,"B1-D3-E0-F0-M0-R0-fla",1,"B1","D3","E0","F0","M0","R0","fla",1929,"B1-D3-E0-F0-M0-R0-fla-1"
"218",52904.8,20892.9,0,80397.2,28230.8,0,"B1-D3-E0-F0-M0-R0-fla",1,"B1","D3","E0","F0","M0","R0","fla",1930,"B1-D3-E0-F0-M0-R0-fla-1"
"219",48968.1,25056.5,0,79345.5,28959.7,0,"B1-D3-E0-F0-M0-R0-fla",1,"B1","D3","E0","F0","M0","R0","fla",1931,"B1-D3-E0-F0-M0-R0-fla-1"
"220",46334.6,18258.5,0,78233.7,31411.5,0,"B1-D3-E0-F0-M0-R0-fla",1,"B1","D3","E0","F0","M0","R0","fla",1932,"B1-D3-E0-F0-M0-R0-fla-1"
"221",45491.5,51688.6,0,77133.8,85970.2,0,"B1-D3-E0-F0-M0-R0-fla",1,"B1","D3","E0","F0","M0","R0","fla",1933,"B1-D3-E0-F0-M0-R0-fla-1"
"222",45509.9,48271.1,0,76270.3,44851.6,0,"B1-D3-E0-F0-M0-R0-fla",1,"B1","D3","E0","F0","M0","R0","fla",1934,"B1-D3-E0-F0-M0-R0-fla-1"
"223",48287.4,46242.2,0,78803,26729,0,"B1-D3-E0-F0-M0-R0-fla",1,"B1","D3","E0","F0","M0","R0","fla",1935,"B1-D3-E0-F0-M0-R0-fla-1"
"224",54224.6,70095.2,0,84257.1,42133,0,"B1-D3-E0-F0-M0-R0-fla",1,"B1","D3","E0","F0","M0","R0","fla",1936,"B1-D3-E0-F0-M0-R0-fla-1"
"225",61483.1,45493.6,0,88513,30850.7,0,"B1-D3-E0-F0-M0-R0-fla",1,"B1","D3","E0","F0","M0","R0","fla",1937,"B1-D3-E0-F0-M0-R0-fla-1"
"226",70769.1,11991.5,0.114,91046.6,30099.7,0.0932228,"B1-D3-E0-F0-M0-R0-fla",1,"B1","D3","E0","F0","M0","R0","fla",1938,"B1-D3-E0-F0-M0-R0-fla-1"
"227",73068.3,37210,0.114,85068.8,29460.9,0.101159,"B1-D3-E0-F0-M0-R0-fla",1,"B1","D3","E0","F0","M0","R0","fla",1939,"B1-D3-E0-F0-M0-R0-fla-1"
"228",70808.6,53213.3,0.114,78174.5,38352.6,0.104496,"B1-D3-E0-F0-M0-R0-fla",1,"B1","D3","E0","F0","M0","R0","fla",1940,"B1-D3-E0-F0-M0-R0-fla-1"
"229",66310.6,30442.8,0.114,71350,29088.6,0.107995,"B1-D3-E0-F0-M0-R0-fla",1,"B1","D3","E0","F0","M0","R0","fla",1941,"B1-D3-E0-F0-M0-R0-fla-1"
"230",63775.9,24299.6,0.114,65557.4,50266.1,0.113643,"B1-D3-E0-F0-M0-R0-fla",1,"B1","D3","E0","F0","M0","R0","fla",1942,"B1-D3-E0-F0-M0-R0-fla-1"
"231",61889.5,15275.1,0.114,60670.9,24209.9,0.117099,"B1-D3-E0-F0-M0-R0-fla",1,"B1","D3","E0","F0","M0","R0","fla",1943,"B1-D3-E0-F0-M0-R0-fla-1"
"232",58780,64866.5,0.114,57461.2,22941.5,0.114154,"B1-D3-E0-F0-M0-R0-fla",1,"B1","D3","E0","F0","M0","R0","fla",1944,"B1-D3-E0-F0-M0-R0-fla-1"
"233",54130.2,36746.5,0.114,55327.5,38013.5,0.111017,"B1-D3-E0-F0-M0-R0-fla",1,"B1","D3","E0","F0","M0","R0","fla",1945,"B1-D3-E0-F0-M0-R0-fla-1"
"234",52519.9,12347.3,0.114,52644.1,19438.9,0.117606,"B1-D3-E0-F0-M0-R0-fla",1,"B1","D3","E0","F0","M0","R0","fla",1946,"B1-D3-E0-F0-M0-R0-fla-1"
"235",53315.5,13097.5,0.114,49963.6,23794.4,0.123885,"B1-D3-E0-F0-M0-R0-fla",1,"B1","D3","E0","F0","M0","R0","fla",1947,"B1-D3-E0-F0-M0-R0-fla-1"
"236",51923.8,31766.3,0.114,47264,26868.3,0.124533,"B1-D3-E0-F0-M0-R0-fla",1,"B1","D3","E0","F0","M0","R0","fla",1948,"B1-D3-E0-F0-M0-R0-fla-1"
"237",47937.8,10604.8,0.114,44292,25846.4,0.121796,"B1-D3-E0-F0-M0-R0-fla",1,"B1","D3","E0","F0","M0","R0","fla",1949,"B1-D3-E0-F0-M0-R0-fla-1"
"238",44426.1,25565.5,0.114,41773.8,24843.2,0.119423,"B1-D3-E0-F0-M0-R0-fla",1,"B1","D3","E0","F0","M0","R0","fla",1950,"B1-D3-E0-F0-M0-R0-fla-1"
"239",41023.3,22527.7,0.114,39914.1,27987,0.114304,"B1-D3-E0-F0-M0-R0-fla",1,"B1","D3","E0","F0","M0","R0","fla",1951,"B1-D3-E0-F0-M0-R0-fla-1"
"240",38078.2,16519.6,0.114,38617.3,40119.1,0.110385,"B1-D3-E0-F0-M0-R0-fla",1,"B1","D3","E0","F0","M0","R0","fla",1952,"B1-D3-E0-F0-M0-R0-fla-1"
"241",36177.4,7732.06,0.114,37855.4,21044.3,0.105969,"B1-D3-E0-F0-M0-R0-fla",1,"B1","D3","E0","F0","M0","R0","fla",1953,"B1-D3-E0-F0-M0-R0-fla-1"
"242",34427.7,12008.3,0.114,38339.9,25917,0.0971989,"B1-D3-E0-F0-M0-R0-fla",1,"B1","D3","E0","F0","M0","R0","fla",1954,"B1-D3-E0-F0-M0-R0-fla-1"
"243",31841.9,34247.6,0.114,39326.6,34527.5,0.086889,"B1-D3-E0-F0-M0-R0-fla",1,"B1","D3","E0","F0","M0","R0","fla",1955,"B1-D3-E0-F0-M0-R0-fla-1"
"244",28862.6,29362.4,0.114,39977.4,38570.3,0.0790949,"B1-D3-E0-F0-M0-R0-fla",1,"B1","D3","E0","F0","M0","R0","fla",1956,"B1-D3-E0-F0-M0-R0-fla-1"
"245",27948.2,27540.6,0.114,40979.6,28904.8,0.0774074,"B1-D3-E0-F0-M0-R0-fla",1,"B1","D3","E0","F0","M0","R0","fla",1957,"B1-D3-E0-F0-M0-R0-fla-1"
"246",29142.2,12292.9,0.114,42780.7,23672.6,0.0781447,"B1-D3-E0-F0-M0-R0-fla",1,"B1","D3","E0","F0","M0","R0","fla",1958,"B1-D3-E0-F0-M0-R0-fla-1"
"247",30947.5,70082.3,0.114,44642.9,29144.5,0.0790701,"B1-D3-E0-F0-M0-R0-fla",1,"B1","D3","E0","F0","M0","R0","fla",1959,"B1-D3-E0-F0-M0-R0-fla-1"
"248",31480.6,25409.6,0.114,45566.7,24880.8,0.0814025,"B1-D3-E0-F0-M0-R0-fla",1,"B1","D3","E0","F0","M0","R0","fla",1960,"B1-D3-E0-F0-M0-R0-fla-1"
"249",34912.7,34321.2,0.114,45693.9,19432,0.0936457,"B1-D3-E0-F0-M0-R0-fla",1,"B1","D3","E0","F0","M0","R0","fla",1961,"B1-D3-E0-F0-M0-R0-fla-1"
"250",39286.8,18625.8,0.114,44968.6,19812.8,0.105206,"B1-D3-E0-F0-M0-R0-fla",1,"B1","D3","E0","F0","M0","R0","fla",1962,"B1-D3-E0-F0-M0-R0-fla-1"
"251",42057.9,82855.7,0.114,43218,42080.8,0.115737,"B1-D3-E0-F0-M0-R0-fla",1,"B1","D3","E0","F0","M0","R0","fla",1963,"B1-D3-E0-F0-M0-R0-fla-1"
"252",42710.9,29184.7,0.114,40628.5,17055.1,0.126701,"B1-D3-E0-F0-M0-R0-fla",1,"B1","D3","E0","F0","M0","R0","fla",1964,"B1-D3-E0-F0-M0-R0-fla-1"
"253",46423.9,11213.7,0.114,38897.5,14778.3,0.145984,"B1-D3-E0-F0-M0-R0-fla",1,"B1","D3","E0","F0","M0","R0","fla",1965,"B1-D3-E0-F0-M0-R0-fla-1"
"254",50841.8,8778.21,0.114,37325.3,14625.9,0.162216,"B1-D3-E0-F0-M0-R0-fla",1,"B1","D3","E0","F0","M0","R0","fla",1966,"B1-D3-E0-F0-M0-R0-fla-1"
"255",50934.9,31983.2,0.114,34558.5,21379.5,0.170881,"B1-D3-E0-F0-M0-R0-fla",1,"B1","D3","E0","F0","M0","R0","fla",1967,"B1-D3-E0-F0-M0-R0-fla-1"
"256",47210.7,21716.3,0.114,31093.9,23699.5,0.174421,"B1-D3-E0-F0-M0-R0-fla",1,"B1","D3","E0","F0","M0","R0","fla",1968,"B1-D3-E0-F0-M0-R0-fla-1"
"257",43583.8,15755.7,0.114,28054.8,17711.7,0.178434,"B1-D3-E0-F0-M0-R0-fla",1,"B1","D3","E0","F0","M0","R0","fla",1969,"B1-D3-E0-F0-M0-R0-fla-1"
"258",41039.9,8304.1,0.114,26063.9,14173.6,0.178117,"B1-D3-E0-F0-M0-R0-fla",1,"B1","D3","E0","F0","M0","R0","fla",1970,"B1-D3-E0-F0-M0-R0-fla-1"
"259",38408.9,67281.5,0.114,24752.4,48583.4,0.173127,"B1-D3-E0-F0-M0-R0-fla",1,"B1","D3","E0","F0","M0","R0","fla",1971,"B1-D3-E0-F0-M0-R0-fla-1"
"260",34985.1,11514.4,0.114,23483,16493.5,0.168296,"B1-D3-E0-F0-M0-R0-fla",1,"B1","D3","E0","F0","M0","R0","fla",1972,"B1-D3-E0-F0-M0-R0-fla-1"
"261",35662.7,89252,0.114,24006.7,41803.9,0.168701,"B1-D3-E0-F0-M0-R0-fla",1,"B1","D3","E0","F0","M0","R0","fla",1973,"B1-D3-E0-F0-M0-R0-fla-1"
"262",37415.4,25873.7,0.114,25458.5,28960.4,0.171072,"B1-D3-E0-F0-M0-R0-fla",1,"B1","D3","E0","F0","M0","R0","fla",1974,"B1-D3-E0-F0-M0-R0-fla-1"
"263",42635.1,7612.87,0.114,27076.9,14329.1,0.186918,"B1-D3-E0-F0-M0-R0-fla",1,"B1","D3","E0","F0","M0","R0","fla",1975,"B1-D3-E0-F0-M0-R0-fla-1"
"264",48286.8,46582.4,0.114,28625,33872.9,0.193287,"B1-D3-E0-F0-M0-R0-fla",1,"B1","D3","E0","F0","M0","R0","fla",1976,"B1-D3-E0-F0-M0-R0-fla-1"
"265",48790.4,29054.5,0.114,28694.1,28534.6,0.193393,"B1-D3-E0-F0-M0-R0-fla",1,"B1","D3","E0","F0","M0","R0","fla",1977,"B1-D3-E0-F0-M0-R0-fla-1"
"266",48192.2,47095.5,0.114,28206.4,51159.8,0.194424,"B1-D3-E0-F0-M0-R0-fla",1,"B1","D3","E0","F0","M0","R0","fla",1978,"B1-D3-E0-F0-M0-R0-fla-1"
"267",48005,58727.4,0.114,28162.6,51913.4,0.19132,"B1-D3-E0-F0-M0-R0-fla",1,"B1","D3","E0","F0","M0","R0","fla",1979,"B1-D3-E0-F0-M0-R0-fla-1"
"268",48734.5,15411.2,0.114,29592.3,19591.2,0.182594,"B1-D3-E0-F0-M0-R0-fla",1,"B1","D3","E0","F0","M0","R0","fla",1980,"B1-D3-E0-F0-M0-R0-fla-1"
"269",51736.1,23085.2,0.114,33008.7,26036.5,0.173243,"B1-D3-E0-F0-M0-R0-fla",1,"B1","D3","E0","F0","M0","R0","fla",1981,"B1-D3-E0-F0-M0-R0-fla-1"
"270",52955.1,11096.8,0.114,35635,19626.9,0.164435,"B1-D3-E0-F0-M0-R0-fla",1,"B1","D3","E0","F0","M0","R0","fla",1982,"B1-D3-E0-F0-M0-R0-fla-1"
"271",51209.2,27347.7,0.114,36191.7,24625.1,0.156449,"B1-D3-E0-F0-M0-R0-fla",1,"B1","D3","E0","F0","M0","R0","fla",1983,"B1-D3-E0-F0-M0-R0-fla-1"
"272",47401.1,21720.3,0.114,35411.3,20253,0.148163,"B1-D3-E0-F0-M0-R0-fla",1,"B1","D3","E0","F0","M0","R0","fla",1984,"B1-D3-E0-F0-M0-R0-fla-1"
"273",43626.8,40146.5,0.114,34169.9,29903.5,0.142795,"B1-D3-E0-F0-M0-R0-fla",1,"B1","D3","E0","F0","M0","R0","fla",1985,"B1-D3-E0-F0-M0-R0-fla-1"
"274",40769.2,39964.5,0.114,32868.2,38519.7,0.140888,"B1-D3-E0-F0-M0-R0-fla",1,"B1","D3","E0","F0","M0","R0","fla",1986,"B1-D3-E0-F0-M0-R0-fla-1"
"275",39905.2,34498.2,0.114,32002.7,36592.5,0.143535,"B1-D3-E0-F0-M0-R0-fla",1,"B1","D3","E0","F0","M0","R0","fla",1987,"B1-D3-E0-F0-M0-R0-fla-1"
"276",41162.8,90954,0.114,32349.5,74305.6,0.145226,"B1-D3-E0-F0-M0-R0-fla",1,"B1","D3","E0","F0","M0","R0","fla",1988,"B1-D3-E0-F0-M0-R0-fla-1"
"277",42989.5,17755.8,0.114,33774.9,20856.8,0.146191,"B1-D3-E0-F0-M0-R0-fla",1,"B1","D3","E0","F0","M0","R0","fla",1989,"B1-D3-E0-F0-M0-R0-fla-1"
"278",48970,10299.1,0.114,37647.1,14683.2,0.148494,"B1-D3-E0-F0-M0-R0-fla",1,"B1","D3","E0","F0","M0","R0","fla",1990,"B1-D3-E0-F0-M0-R0-fla-1"
"279",53955,9271.21,0.114,41479.3,10773.9,0.146056,"B1-D3-E0-F0-M0-R0-fla",1,"B1","D3","E0","F0","M0","R0","fla",1991,"B1-D3-E0-F0-M0-R0-fla-1"
"280",53269.3,39415.5,0.114,41975.4,35800.6,0.141959,"B1-D3-E0-F0-M0-R0-fla",1,"B1","D3","E0","F0","M0","R0","fla",1992,"B1-D3-E0-F0-M0-R0-fla-1"
"281",48795.7,7628.49,0.114,39609.6,8314.36,0.138976,"B1-D3-E0-F0-M0-R0-fla",1,"B1","D3","E0","F0","M0","R0","fla",1993,"B1-D3-E0-F0-M0-R0-fla-1"
"282",45243.5,59393.9,0.114,37140,61599.7,0.137869,"B1-D3-E0-F0-M0-R0-fla",1,"B1","D3","E0","F0","M0","R0","fla",1994,"B1-D3-E0-F0-M0-R0-fla-1"
"283",41923.8,33657.8,0.114,34810.6,39603.9,0.136935,"B1-D3-E0-F0-M0-R0-fla",1,"B1","D3","E0","F0","M0","R0","fla",1995,"B1-D3-E0-F0-M0-R0-fla-1"
"284",41461.2,14691.9,0.114,34484.7,21559.5,0.135889,"B1-D3-E0-F0-M0-R0-fla",1,"B1","D3","E0","F0","M0","R0","fla",1996,"B1-D3-E0-F0-M0-R0-fla-1"
"285",43326.3,8208.95,0.114,36794,9224.03,0.130871,"B1-D3-E0-F0-M0-R0-fla",1,"B1","D3","E0","F0","M0","R0","fla",1997,"B1-D3-E0-F0-M0-R0-fla-1"
"286",43424,18924.1,0.114,38692.4,17871.7,0.123979,"B1-D3-E0-F0-M0-R0-fla",1,"B1","D3","E0","F0","M0","R0","fla",1998,"B1-D3-E0-F0-M0-R0-fla-1"
"287",40755.5,18316.8,0.114,38319.1,13612.2,0.118417,"B1-D3-E0-F0-M0-R0-fla",1,"B1","D3","E0","F0","M0","R0","fla",1999,"B1-D3-E0-F0-M0-R0-fla-1"
"288",37312.3,12330.9,0.114,36358.2,10135.6,0.115855,"B1-D3-E0-F0-M0-R0-fla",1,"B1","D3","E0","F0","M0","R0","fla",2000,"B1-D3-E0-F0-M0-R0-fla-1"
"289",34441.2,29324.4,0.114,33862.1,28578.1,0.116036,"B1-D3-E0-F0-M0-R0-fla",1,"B1","D3","E0","F0","M0","R0","fla",2001,"B1-D3-E0-F0-M0-R0-fla-1"
"290",31753.1,71624.3,0.114,30976.9,67066.2,0.118076,"B1-D3-E0-F0-M0-R0-fla",1,"B1","D3","E0","F0","M0","R0","fla",2002,"B1-D3-E0-F0-M0-R0-fla-1"
"291",30409.9,23614.6,0.114,28913.2,28627.4,0.123665,"B1-D3-E0-F0-M0-R0-fla",1,"B1","D3","E0","F0","M0","R0","fla",2003,"B1-D3-E0-F0-M0-R0-fla-1"
"292",34170.3,15833,0.114,30544,17601.4,0.129387,"B1-D3-E0-F0-M0-R0-fla",1,"B1","D3","E0","F0","M0","R0","fla",2004,"B1-D3-E0-F0-M0-R0-fla-1"
"293",38928.4,23430.1,0.114,34210,26495.3,0.128151,"B1-D3-E0-F0-M0-R0-fla",1,"B1","D3","E0","F0","M0","R0","fla",2005,"B1-D3-E0-F0-M0-R0-fla-1"
"294",40400,10311.1,0.114,36261.6,14086,0.124995,"B1-D3-E0-F0-M0-R0-fla",1,"B1","D3","E0","F0","M0","R0","fla",2006,"B1-D3-E0-F0-M0-R0-fla-1"
"295",39833.5,24022.8,0.114,36683.6,21307.6,0.121464,"B1-D3-E0-F0-M0-R0-fla",1,"B1","D3","E0","F0","M0","R0","fla",2007,"B1-D3-E0-F0-M0-R0-fla-1"
"296",37712.9,23970.1,0.114,35933.9,22742.5,0.117731,"B1-D3-E0-F0-M0-R0-fla",1,"B1","D3","E0","F0","M0","R0","fla",2008,"B1-D3-E0-F0-M0-R0-fla-1"
"297",35439.7,28171.8,0.114,34511.5,22423.8,0.116629,"B1-D3-E0-F0-M0-R0-fla",1,"B1","D3","E0","F0","M0","R0","fla",2009,"B1-D3-E0-F0-M0-R0-fla-1"
"298",34101.1,32920.1,0.114,33227.2,31706.5,0.117774,"B1-D3-E0-F0-M0-R0-fla",1,"B1","D3","E0","F0","M0","R0","fla",2010,"B1-D3-E0-F0-M0-R0-fla-1"
"299",33804.6,78672.8,0.114,32261.5,74977.5,0.121346,"B1-D3-E0-F0-M0-R0-fla",1,"B1","D3","E0","F0","M0","R0","fla",2011,"B1-D3-E0-F0-M0-R0-fla-1"
"300",34672.6,36585.4,0.114,32007.8,31723,0.126853,"B1-D3-E0-F0-M0-R0-fla",1,"B1","D3","E0","F0","M0","R0","fla",2012,"B1-D3-E0-F0-M0-R0-fla-1"
"301",89074.5,42959.8,0,78920.5,34552.1,0,"B2-D3-E0-F0-M0-R0-fla",1,"B2","D3","E0","F0","M0","R0","fla",1913,"B2-D3-E0-F0-M0-R0-fla-1"
"302",89074.5,52550.7,0,78920.5,34209,0,"B2-D3-E0-F0-M0-R0-fla",1,"B2","D3","E0","F0","M0","R0","fla",1914,"B2-D3-E0-F0-M0-R0-fla-1"
"303",89626.1,21736.3,0,78892.5,33860.2,0,"B2-D3-E0-F0-M0-R0-fla",1,"B2","D3","E0","F0","M0","R0","fla",1915,"B2-D3-E0-F0-M0-R0-fla-1"
"304",91662.4,2235.04,0,78789.2,33503.3,0,"B2-D3-E0-F0-M0-R0-fla",1,"B2","D3","E0","F0","M0","R0","fla",1916,"B2-D3-E0-F0-M0-R0-fla-1"
"305",92617,36352.2,0,78590.8,33134.8,0,"B2-D3-E0-F0-M0-R0-fla",1,"B2","D3","E0","F0","M0","R0","fla",1917,"B2-D3-E0-F0-M0-R0-fla-1"
"306",89459.1,6686.31,0,78297.3,32749.7,0,"B2-D3-E0-F0-M0-R0-fla",1,"B2","D3","E0","F0","M0","R0","fla",1918,"B2-D3-E0-F0-M0-R0-fla-1"
"307",85367.7,11501.2,0,77915.9,32338,0,"B2-D3-E0-F0-M0-R0-fla",1,"B2","D3","E0","F0","M0","R0","fla",1919,"B2-D3-E0-F0-M0-R0-fla-1"
"308",80611.2,23752.9,0,77455.3,31882.4,0,"B2-D3-E0-F0-M0-R0-fla",1,"B2","D3","E0","F0","M0","R0","fla",1920,"B2-D3-E0-F0-M0-R0-fla-1"
"309",74617.6,36123.5,0,76922.1,31370.9,0,"B2-D3-E0-F0-M0-R0-fla",1,"B2","D3","E0","F0","M0","R0","fla",1921,"B2-D3-E0-F0-M0-R0-fla-1"
"310",69358.9,49905.6,0,76318.2,32591.1,0,"B2-D3-E0-F0-M0-R0-fla",1,"B2","D3","E0","F0","M0","R0","fla",1922,"B2-D3-E0-F0-M0-R0-fla-1"
"311",66660.8,14516.8,0,75640.6,44534.7,0,"B2-D3-E0-F0-M0-R0-fla",1,"B2","D3","E0","F0","M0","R0","fla",1923,"B2-D3-E0-F0-M0-R0-fla-1"
"312",67604.4,6602.57,0,75055,29838.2,0,"B2-D3-E0-F0-M0-R0-fla",1,"B2","D3","E0","F0","M0","R0","fla",1924,"B2-D3-E0-F0-M0-R0-fla-1"
"313",68709.5,18724.5,0,75849.6,29316.9,0,"B2-D3-E0-F0-M0-R0-fla",1,"B2","D3","E0","F0","M0","R0","fla",1925,"B2-D3-E0-F0-M0-R0-fla-1"
"314",67051.7,18307.1,0,77095.8,28860.6,0,"B2-D3-E0-F0-M0-R0-fla",1,"B2","D3","E0","F0","M0","R0","fla",1926,"B2-D3-E0-F0-M0-R0-fla-1"
"315",64034.8,3890.19,0,76720.2,31053.4,0,"B2-D3-E0-F0-M0-R0-fla",1,"B2","D3","E0","F0","M0","R0","fla",1927,"B2-D3-E0-F0-M0-R0-fla-1"
"316",61065.9,11231.5,0,75526.3,27464.7,0,"B2-D3-E0-F0-M0-R0-fla",1,"B2","D3","E0","F0","M0","R0","fla",1928,"B2-D3-E0-F0-M0-R0-fla-1"
"317",57256.8,12572.2,0,74278.2,26710,0,"B2-D3-E0-F0-M0-R0-fla",1,"B2","D3","E0","F0","M0","R0","fla",1929,"B2-D3-E0-F0-M0-R0-fla-1"
"318",52904.8,20892.9,0,73047.5,25918.2,0,"B2-D3-E0-F0-M0-R0-fla",1,"B2","D3","E0","F0","M0","R0","fla",1930,"B2-D3-E0-F0-M0-R0-fla-1"
"319",48968.1,25056.5,0,71474.6,31333.3,0,"B2-D3-E0-F0-M0-R0-fla",1,"B2","D3","E0","F0","M0","R0","fla",1931,"B2-D3-E0-F0-M0-R0-fla-1"
"320",46334.6,18258.5,0,69731.5,24354.1,0,"B2-D3-E0-F0-M0-R0-fla",1,"B2","D3","E0","F0","M0","R0","fla",1932,"B2-D3-E0-F0-M0-R0-fla-1"
"321",45491.5,51688.6,0,68514,27718,0,"B2-D3-E0-F0-M0-R0-fla",1,"B2","D3","E0","F0","M0","R0","fla",1933,"B2-D3-E0-F0-M0-R0-fla-1"
"322",45509.9,48271.1,0,67577.1,22651.7,0,"B2-D3-E0-F0-M0-R0-fla",1,"B2","D3","E0","F0","M0","R0","fla",1934,"B2-D3-E0-F0-M0-R0-fla-1"
"323",48287.4,46242.2,0,66391.3,24306,0,"B2-D3-E0-F0-M0-R0-fla",1,"B2","D3","E0","F0","M0","R0","fla",1935,"B2-D3-E0-F0-M0-R0-fla-1"
"324",54224.6,70095.2,0,65074.5,56250.6,0,"B2-D3-E0-F0-M0-R0-fla",1,"B2","D3","E0","F0","M0","R0","fla",1936,"B2-D3-E0-F0-M0-R0-fla-1"
"325",61483.1,45493.6,0,63425,24874.4,0,"B2-D3-E0-F0-M0-R0-fla",1,"B2","D3","E0","F0","M0","R0","fla",1937,"B2-D3-E0-F0-M0-R0-fla-1"
"326",70769.1,11991.5,0.114,65034.3,25760.4,0.147629,"B2-D3-E0-F0-M0-R0-fla",1,"B2","D3","E0","F0","M0","R0","fla",1938,"B2-D3-E0-F0-M0-R0-fla-1"
"327",73068.3,37210,0.114,62132.9,27005.7,0.158148,"B2-D3-E0-F0-M0-R0-fla",1,"B2","D3","E0","F0","M0","R0","fla",1939,"B2-D3-E0-F0-M0-R0-fla-1"
"328",70808.6,53213.3,0.114,56860.3,24235.9,0.164202,"B2-D3-E0-F0-M0-R0-fla",1,"B2","D3","E0","F0","M0","R0","fla",1940,"B2-D3-E0-F0-M0-R0-fla-1"
"329",66310.6,30442.8,0.114,51569,25318.2,0.170935,"B2-D3-E0-F0-M0-R0-fla",1,"B2","D3","E0","F0","M0","R0","fla",1941,"B2-D3-E0-F0-M0-R0-fla-1"
"330",63775.9,24299.6,0.114,46863.8,59878.1,0.18315,"B2-D3-E0-F0-M0-R0-fla",1,"B2","D3","E0","F0","M0","R0","fla",1942,"B2-D3-E0-F0-M0-R0-fla-1"
"331",61889.5,15275.1,0.114,42661.3,22057.4,0.190573,"B2-D3-E0-F0-M0-R0-fla",1,"B2","D3","E0","F0","M0","R0","fla",1943,"B2-D3-E0-F0-M0-R0-fla-1"
"332",58780,64866.5,0.114,42610.5,31365.1,0.170995,"B2-D3-E0-F0-M0-R0-fla",1,"B2","D3","E0","F0","M0","R0","fla",1944,"B2-D3-E0-F0-M0-R0-fla-1"
"333",54130.2,36746.5,0.114,44648.9,21210.8,0.156246,"B2-D3-E0-F0-M0-R0-fla",1,"B2","D3","E0","F0","M0","R0","fla",1945,"B2-D3-E0-F0-M0-R0-fla-1"
"334",52519.9,12347.3,0.114,44220.8,17872.5,0.158912,"B2-D3-E0-F0-M0-R0-fla",1,"B2","D3","E0","F0","M0","R0","fla",1946,"B2-D3-E0-F0-M0-R0-fla-1"
"335",53315.5,13097.5,0.114,42645.9,24077.9,0.167755,"B2-D3-E0-F0-M0-R0-fla",1,"B2","D3","E0","F0","M0","R0","fla",1947,"B2-D3-E0-F0-M0-R0-fla-1"
"336",51923.8,31766.3,0.114,39379.9,22046.2,0.173041,"B2-D3-E0-F0-M0-R0-fla",1,"B2","D3","E0","F0","M0","R0","fla",1948,"B2-D3-E0-F0-M0-R0-fla-1"
"337",47937.8,10604.8,0.114,36231.4,24203.8,0.17085,"B2-D3-E0-F0-M0-R0-fla",1,"B2","D3","E0","F0","M0","R0","fla",1949,"B2-D3-E0-F0-M0-R0-fla-1"
"338",44426.1,25565.5,0.114,34205.9,20399.5,0.167482,"B2-D3-E0-F0-M0-R0-fla",1,"B2","D3","E0","F0","M0","R0","fla",1950,"B2-D3-E0-F0-M0-R0-fla-1"
"339",41023.3,22527.7,0.114,32946,19453.4,0.158817,"B2-D3-E0-F0-M0-R0-fla",1,"B2","D3","E0","F0","M0","R0","fla",1951,"B2-D3-E0-F0-M0-R0-fla-1"
"340",38078.2,16519.6,0.114,32144.6,21114.2,0.15324,"B2-D3-E0-F0-M0-R0-fla",1,"B2","D3","E0","F0","M0","R0","fla",1952,"B2-D3-E0-F0-M0-R0-fla-1"
"341",36177.4,7732.06,0.114,31166.5,17495.1,0.150758,"B2-D3-E0-F0-M0-R0-fla",1,"B2","D3","E0","F0","M0","R0","fla",1953,"B2-D3-E0-F0-M0-R0-fla-1"
"342",34427.7,12008.3,0.114,30316.1,17162.4,0.1453,"B2-D3-E0-F0-M0-R0-fla",1,"B2","D3","E0","F0","M0","R0","fla",1954,"B2-D3-E0-F0-M0-R0-fla-1"
"343",31841.9,34247.6,0.114,29559.7,30500.2,0.13621,"B2-D3-E0-F0-M0-R0-fla",1,"B2","D3","E0","F0","M0","R0","fla",1955,"B2-D3-E0-F0-M0-R0-fla-1"
"344",28862.6,29362.4,0.114,28663.7,32365.5,0.129125,"B2-D3-E0-F0-M0-R0-fla",1,"B2","D3","E0","F0","M0","R0","fla",1956,"B2-D3-E0-F0-M0-R0-fla-1"
"345",27948.2,27540.6,0.114,29124.7,18955.6,0.125097,"B2-D3-E0-F0-M0-R0-fla",1,"B2","D3","E0","F0","M0","R0","fla",1957,"B2-D3-E0-F0-M0-R0-fla-1"
"346",29142.2,12292.9,0.114,31655.8,19127,0.121426,"B2-D3-E0-F0-M0-R0-fla",1,"B2","D3","E0","F0","M0","R0","fla",1958,"B2-D3-E0-F0-M0-R0-fla-1"
"347",30947.5,70082.3,0.114,33589.9,35561.8,0.122625,"B2-D3-E0-F0-M0-R0-fla",1,"B2","D3","E0","F0","M0","R0","fla",1959,"B2-D3-E0-F0-M0-R0-fla-1"
"348",31480.6,25409.6,0.114,33521.9,22154.6,0.12819,"B2-D3-E0-F0-M0-R0-fla",1,"B2","D3","E0","F0","M0","R0","fla",1960,"B2-D3-E0-F0-M0-R0-fla-1"
"349",34912.7,34321.2,0.114,34157.6,49454.2,0.14179,"B2-D3-E0-F0-M0-R0-fla",1,"B2","D3","E0","F0","M0","R0","fla",1961,"B2-D3-E0-F0-M0-R0-fla-1"
"350",39286.8,18625.8,0.114,35235.6,16962.4,0.151407,"B2-D3-E0-F0-M0-R0-fla",1,"B2","D3","E0","F0","M0","R0","fla",1962,"B2-D3-E0-F0-M0-R0-fla-1"
"351",42057.9,82855.7,0.114,37397,49151.5,0.145715,"B2-D3-E0-F0-M0-R0-fla",1,"B2","D3","E0","F0","M0","R0","fla",1963,"B2-D3-E0-F0-M0-R0-fla-1"
"352",42710.9,29184.7,0.114,39622.5,44926.4,0.145768,"B2-D3-E0-F0-M0-R0-fla",1,"B2","D3","E0","F0","M0","R0","fla",1964,"B2-D3-E0-F0-M0-R0-fla-1"
"353",46423.9,11213.7,0.114,41123.1,16041.7,0.152412,"B2-D3-E0-F0-M0-R0-fla",1,"B2","D3","E0","F0","M0","R0","fla",1965,"B2-D3-E0-F0-M0-R0-fla-1"
"354",50841.8,8778.21,0.114,44901,16188.4,0.147903,"B2-D3-E0-F0-M0-R0-fla",1,"B2","D3","E0","F0","M0","R0","fla",1966,"B2-D3-E0-F0-M0-R0-fla-1"
"355",50934.9,31983.2,0.114,46040.4,28795.7,0.143599,"B2-D3-E0-F0-M0-R0-fla",1,"B2","D3","E0","F0","M0","R0","fla",1967,"B2-D3-E0-F0-M0-R0-fla-1"
"356",47210.7,21716.3,0.114,43031.2,18088,0.141892,"B2-D3-E0-F0-M0-R0-fla",1,"B2","D3","E0","F0","M0","R0","fla",1968,"B2-D3-E0-F0-M0-R0-fla-1"
"357",43583.8,15755.7,0.114,40137.4,18962,0.140429,"B2-D3-E0-F0-M0-R0-fla",1,"B2","D3","E0","F0","M0","R0","fla",1969,"B2-D3-E0-F0-M0-R0-fla-1"
"358",41039.9,8304.1,0.114,38142.7,27000.8,0.139992,"B2-D3-E0-F0-M0-R0-fla",1,"B2","D3","E0","F0","M0","R0","fla",1970,"B2-D3-E0-F0-M0-R0-fla-1"
"359",38408.9,67281.5,0.114,35746.3,43307.2,0.137589,"B2-D3-E0-F0-M0-R0-fla",1,"B2","D3","E0","F0","M0","R0","fla",1971,"B2-D3-E0-F0-M0-R0-fla-1"
"360",34985.1,11514.4,0.114,34413.1,18415.5,0.131456,"B2-D3-E0-F0-M0-R0-fla",1,"B2","D3","E0","F0","M0","R0","fla",1972,"B2-D3-E0-F0-M0-R0-fla-1"
"361",35662.7,89252,0.114,36181,73883.4,0.130173,"B2-D3-E0-F0-M0-R0-fla",1,"B2","D3","E0","F0","M0","R0","fla",1973,"B2-D3-E0-F0-M0-R0-fla-1"
"362",37415.4,25873.7,0.114,38202.5,22035.1,0.133512,"B2-D3-E0-F0-M0-R0-fla",1,"B2","D3","E0","F0","M0","R0","fla",1974,"B2-D3-E0-F0-M0-R0-fla-1"
"363",42635.1,7612.87,0.114,42510.2,16212.8,0.134237,"B2-D3-E0-F0-M0-R0-fla",1,"B2","D3","E0","F0","M0","R0","fla",1975,"B2-D3-E0-F0-M0-R0-fla-1"
"364",48286.8,46582.4,0.114,47991.6,31968.7,0.134406,"B2-D3-E0-F0-M0-R0-fla",1,"B2","D3","E0","F0","M0","R0","fla",1976,"B2-D3-E0-F0-M0-R0-fla-1"
"365",48790.4,29054.5,0.114,47122,22985.6,0.137681,"B2-D3-E0-F0-M0-R0-fla",1,"B2","D3","E0","F0","M0","R0","fla",1977,"B2-D3-E0-F0-M0-R0-fla-1"
"366",48192.2,47095.5,0.114,44667,43696.9,0.143603,"B2-D3-E0-F0-M0-R0-fla",1,"B2","D3","E0","F0","M0","R0","fla",1978,"B2-D3-E0-F0-M0-R0-fla-1"
"367",48005,58727.4,0.114,42790.5,52016.1,0.150125,"B2-D3-E0-F0-M0-R0-fla",1,"B2","D3","E0","F0","M0","R0","fla",1979,"B2-D3-E0-F0-M0-R0-fla-1"
"368",48734.5,15411.2,0.114,42383.6,27889.9,0.152796,"B2-D3-E0-F0-M0-R0-fla",1,"B2","D3","E0","F0","M0","R0","fla",1980,"B2-D3-E0-F0-M0-R0-fla-1"
"369",51736.1,23085.2,0.114,45519.5,20659.6,0.148742,"B2-D3-E0-F0-M0-R0-fla",1,"B2","D3","E0","F0","M0","R0","fla",1981,"B2-D3-E0-F0-M0-R0-fla-1"
"370",52955.1,11096.8,0.114,48224.6,24983.9,0.142902,"B2-D3-E0-F0-M0-R0-fla",1,"B2","D3","E0","F0","M0","R0","fla",1982,"B2-D3-E0-F0-M0-R0-fla-1"
"371",51209.2,27347.7,0.114,47213.9,19073.8,0.140419,"B2-D3-E0-F0-M0-R0-fla",1,"B2","D3","E0","F0","M0","R0","fla",1983,"B2-D3-E0-F0-M0-R0-fla-1"
"372",47401.1,21720.3,0.114,44589.4,26923.3,0.136342,"B2-D3-E0-F0-M0-R0-fla",1,"B2","D3","E0","F0","M0","R0","fla",1984,"B2-D3-E0-F0-M0-R0-fla-1"
"373",43626.8,40146.5,0.114,41800,28771,0.135342,"B2-D3-E0-F0-M0-R0-fla",1,"B2","D3","E0","F0","M0","R0","fla",1985,"B2-D3-E0-F0-M0-R0-fla-1"
"374",40769.2,39964.5,0.114,39496.7,31822.3,0.134573,"B2-D3-E0-F0-M0-R0-fla",1,"B2","D3","E0","F0","M0","R0","fla",1986,"B2-D3-E0-F0-M0-R0-fla-1"
"375",39905.2,34498.2,0.114,38720.6,58139.4,0.13714,"B2-D3-E0-F0-M0-R0-fla",1,"B2","D3","E0","F0","M0","R0","fla",1987,"B2-D3-E0-F0-M0-R0-fla-1"
"376",41162.8,90954,0.114,39041.4,84646.1,0.139622,"B2-D3-E0-F0-M0-R0-fla",1,"B2","D3","E0","F0","M0","R0","fla",1988,"B2-D3-E0-F0-M0-R0-fla-1"
"377",42989.5,17755.8,0.114,42470.3,31345.7,0.132642,"B2-D3-E0-F0-M0-R0-fla",1,"B2","D3","E0","F0","M0","R0","fla",1989,"B2-D3-E0-F0-M0-R0-fla-1"
"378",48970,10299.1,0.114,52056,17494.5,0.122938,"B2-D3-E0-F0-M0-R0-fla",1,"B2","D3","E0","F0","M0","R0","fla",1990,"B2-D3-E0-F0-M0-R0-fla-1"
"379",53955,9271.21,0.114,60613.7,21919.3,0.116113,"B2-D3-E0-F0-M0-R0-fla",1,"B2","D3","E0","F0","M0","R0","fla",1991,"B2-D3-E0-F0-M0-R0-fla-1"
"380",53269.3,39415.5,0.114,60689,28589.2,0.113154,"B2-D3-E0-F0-M0-R0-fla",1,"B2","D3","E0","F0","M0","R0","fla",1992,"B2-D3-E0-F0-M0-R0-fla-1"
"381",48795.7,7628.49,0.114,56403.3,10093.7,0.111395,"B2-D3-E0-F0-M0-R0-fla",1,"B2","D3","E0","F0","M0","R0","fla",1993,"B2-D3-E0-F0-M0-R0-fla-1"
"382",45243.5,59393.9,0.114,52315.5,62964.5,0.112114,"B2-D3-E0-F0-M0-R0-fla",1,"B2","D3","E0","F0","M0","R0","fla",1994,"B2-D3-E0-F0-M0-R0-fla-1"
"383",41923.8,33657.8,0.114,47891.6,41310.8,0.115602,"B2-D3-E0-F0-M0-R0-fla",1,"B2","D3","E0","F0","M0","R0","fla",1995,"B2-D3-E0-F0-M0-R0-fla-1"
"384",41461.2,14691.9,0.114,46903.4,15001,0.115137,"B2-D3-E0-F0-M0-R0-fla",1,"B2","D3","E0","F0","M0","R0","fla",1996,"B2-D3-E0-F0-M0-R0-fla-1"
"385",43326.3,8208.95,0.114,50994.6,10296.9,0.110664,"B2-D3-E0-F0-M0-R0-fla",1,"B2","D3","E0","F0","M0","R0","fla",1997,"B2-D3-E0-F0-M0-R0-fla-1"
"386",43424,18924.1,0.114,51816.9,26999.9,0.109251,"B2-D3-E0-F0-M0-R0-fla",1,"B2","D3","E0","F0","M0","R0","fla",1998,"B2-D3-E0-F0-M0-R0-fla-1"
"387",40755.5,18316.8,0.114,47845.3,18757.9,0.110512,"B2-D3-E0-F0-M0-R0-fla",1,"B2","D3","E0","F0","M0","R0","fla",1999,"B2-D3-E0-F0-M0-R0-fla-1"
"388",37312.3,12330.9,0.114,43596.2,12173.3,0.109721,"B2-D3-E0-F0-M0-R0-fla",1,"B2","D3","E0","F0","M0","R0","fla",2000,"B2-D3-E0-F0-M0-R0-fla-1"
"389",34441.2,29324.4,0.114,40960.6,32388.2,0.1083,"B2-D3-E0-F0-M0-R0-fla",1,"B2","D3","E0","F0","M0","R0","fla",2001,"B2-D3-E0-F0-M0-R0-fla-1"
"390",31753.1,71624.3,0.114,37864.1,74542.1,0.109438,"B2-D3-E0-F0-M0-R0-fla",1,"B2","D3","E0","F0","M0","R0","fla",2002,"B2-D3-E0-F0-M0-R0-fla-1"
"391",30409.9,23614.6,0.114,36124.1,15744.6,0.112454,"B2-D3-E0-F0-M0-R0-fla",1,"B2","D3","E0","F0","M0","R0","fla",2003,"B2-D3-E0-F0-M0-R0-fla-1"
"392",34170.3,15833,0.114,41238.9,21928.6,0.109898,"B2-D3-E0-F0-M0-R0-fla",1,"B2","D3","E0","F0","M0","R0","fla",2004,"B2-D3-E0-F0-M0-R0-fla-1"
"393",38928.4,23430.1,0.114,47330.9,19542.3,0.110611,"B2-D3-E0-F0-M0-R0-fla",1,"B2","D3","E0","F0","M0","R0","fla",2005,"B2-D3-E0-F0-M0-R0-fla-1"
"394",40400,10311.1,0.114,47146.8,14054.9,0.113464,"B2-D3-E0-F0-M0-R0-fla",1,"B2","D3","E0","F0","M0","R0","fla",2006,"B2-D3-E0-F0-M0-R0-fla-1"
"395",39833.5,24022.8,0.114,44794.4,31642.2,0.1168,"B2-D3-E0-F0-M0-R0-fla",1,"B2","D3","E0","F0","M0","R0","fla",2007,"B2-D3-E0-F0-M0-R0-fla-1"
"396",37712.9,23970.1,0.114,41236.9,29217.5,0.11923,"B2-D3-E0-F0-M0-R0-fla",1,"B2","D3","E0","F0","M0","R0","fla",2008,"B2-D3-E0-F0-M0-R0-fla-1"
"397",35439.7,28171.8,0.114,38827.3,14225.2,0.117346,"B2-D3-E0-F0-M0-R0-fla",1,"B2","D3","E0","F0","M0","R0","fla",2009,"B2-D3-E0-F0-M0-R0-fla-1"
"398",34101.1,32920.1,0.114,38928.9,45179.7,0.113943,"B2-D3-E0-F0-M0-R0-fla",1,"B2","D3","E0","F0","M0","R0","fla",2010,"B2-D3-E0-F0-M0-R0-fla-1"
"399",33804.6,78672.8,0.114,38363,78235.4,0.117744,"B2-D3-E0-F0-M0-R0-fla",1,"B2","D3","E0","F0","M0","R0","fla",2011,"B2-D3-E0-F0-M0-R0-fla-1"
"400",34672.6,36585.4,0.114,38763.2,32159.1,0.119493,"B2-D3-E0-F0-M0-R0-fla",1,"B2","D3","E0","F0","M0","R0","fla",2012,"B2-D3-E0-F0-M0-R0-fla-1"
